date time,st1,st2,st3,st4
2017-01-01 00:00:00,7.936,10.013,7.998,6.445
2017-01-02 00:00:00,7.858,9.917,8.064,6.535
2017-01-03 00:00:00,7.856,9.887,8.109,6.611
2017-01-04 00:00:00,7.931,9.863,8.195,6.787
2017-01-05 00:00:00,7.929,9.772,8.611,6.867
2017-01-06 00:00:00,7.889,10.151,8.679,6.896
2017-01-07 00:00:00,7.782,10.076,8.701,7.07
2017-01-08 00:00:00,7.666,10.2,8.822,7.237
2017-01-09 00:00:00,7.505,10.317,8.903,7.32
2017-01-10 00:00:00,7.476,10.29,8.892,7.464
2017-01-11 00:00:00,7.468,10.205,8.973,7.466
2017-01-12 00:00:00,7.646,10.204,9.009,7.619
2017-01-13 00:00:00,7.57,10.259,9.022,7.831
2017-01-14 00:00:00,7.674,10.359,9.126,7.896
2017-01-15 00:00:00,7.615,10.324,9.091,7.878
2017-01-16 00:00:00,7.82,10.296,9.111,7.952
2017-01-17 00:00:00,7.739,10.224,9.022,7.964
2017-01-18 00:00:00,7.733,10.19,9.016,8.642
2017-01-19 00:00:00,7.58,10.139,9.116,8.694
2017-01-20 00:00:00,7.537,10.057,9.051,8.772
2017-01-21 00:00:00,7.556,10.055,9.123,8.784
2017-01-22 00:00:00,7.601,10.251,9.226,8.758
2017-01-23 00:00:00,7.464,10.254,9.265,8.811
2017-01-24 00:00:00,7.424,10.188,9.548,8.827
2017-01-25 00:00:00,7.316,10.159,9.665,9.245
2017-01-26 00:00:00,7.224,10.155,9.654,9.157
2017-01-27 00:00:00,7.313,10.21,9.741,9.172
2017-01-28 00:00:00,7.329,10.21,9.715,9.134
2017-01-29 00:00:00,7.225,10.146,9.916,9.142
2017-01-30 00:00:00,7.109,10.149,10.159,9.228
2017-01-31 00:00:00,7.062,10.207,10.2,9.307
2017-02-01 00:00:00,7.003,10.13,10.218,9.323
2017-02-02 00:00:00,7.233,10.191,10.166,9.278
2017-02-03 00:00:00,7.185,10.545,10.097,9.315
2017-02-04 00:00:00,7.233,10.469,10.084,9.517
2017-02-05 00:00:00,7.187,10.435,10.134,9.719
2017-02-06 00:00:00,7.156,10.362,10.26,9.68
2017-02-07 00:00:00,7.15,10.337,10.252,9.836
2017-02-08 00:00:00,7.078,10.282,10.393,9.775
2017-02-09 00:00:00,7.051,10.291,10.353,10.174
2017-02-10 00:00:00,7.053,10.821,10.339,10.432
2017-02-11 00:00:00,6.999,10.771,10.376,10.338
2017-02-12 00:00:00,6.959,11.181,10.294,10.5
2017-02-13 00:00:00,6.966,11.085,10.261,10.363
2017-02-14 00:00:00,6.969,11.115,10.267,10.328
2017-02-15 00:00:00,6.952,11.354,10.149,10.276
2017-02-16 00:00:00,6.958,11.438,10.197,10.263
2017-02-17 00:00:00,6.915,11.423,10.209,10.4
2017-02-18 00:00:00,6.973,11.323,10.207,10.449
2017-02-19 00:00:00,6.908,11.177,10.221,10.454
2017-02-20 00:00:00,6.851,11.147,10.158,10.494
2017-02-21 00:00:00,6.816,11.152,10.166,10.482
2017-02-22 00:00:00,6.79,11.075,10.237,10.44
2017-02-23 00:00:00,6.949,11.177,10.226,10.398
2017-02-24 00:00:00,6.967,11.161,10.415,10.359
2017-02-25 00:00:00,7.331,11.178,10.409,10.354
2017-02-26 00:00:00,7.381,11.308,10.36,10.34
2017-02-27 00:00:00,7.384,11.208,10.284,10.404
2017-02-28 00:00:00,7.421,11.172,10.205,10.338
2017-03-01 00:00:00,7.777,11.151,10.227,10.354
2017-03-02 00:00:00,7.738,11.26,10.371,10.288
2017-03-03 00:00:00,7.88,11.342,10.446,10.383
2017-03-04 00:00:00,8.305,11.341,10.398,10.352
2017-03-05 00:00:00,8.201,11.279,10.406,10.36
2017-03-06 00:00:00,8.195,11.298,10.373,10.47
2017-03-07 00:00:00,8.133,11.288,10.381,10.722
2017-03-08 00:00:00,8.128,11.307,10.523,10.71
2017-03-09 00:00:00,8.029,11.268,10.588,10.638
2017-03-10 00:00:00,8.007,11.223,10.567,10.677
2017-03-11 00:00:00,8.182,11.144,10.733,11.079
2017-03-12 00:00:00,8.185,11.043,10.722,11.063
2017-03-13 00:00:00,8.182,10.976,10.654,10.914
2017-03-14 00:00:00,8.217,10.97,10.643,10.932
2017-03-15 00:00:00,8.164,10.974,10.566,10.994
2017-03-16 00:00:00,8.171,10.938,10.565,11.017
2017-03-17 00:00:00,8.099,10.968,10.546,11.573
2017-03-18 00:00:00,8.09,11.045,10.501,11.508
2017-03-19 00:00:00,8.015,10.985,10.518,11.426
2017-03-20 00:00:00,8.039,11.017,10.596,11.3
2017-03-21 00:00:00,7.998,10.961,10.512,11.199
2017-03-22 00:00:00,7.989,10.893,10.465,11.172
2017-03-23 00:00:00,7.931,10.886,10.406,11.123
2017-03-24 00:00:00,7.966,10.943,10.645,11.096
2017-03-25 00:00:00,7.926,10.879,10.603,11.072
2017-03-26 00:00:00,7.9,10.851,10.565,10.98
2017-03-27 00:00:00,7.823,10.919,10.625,11.068
2017-03-28 00:00:00,7.76,11.327,10.587,11.022
2017-03-29 00:00:00,7.678,11.326,11.006,11.067
2017-03-30 00:00:00,7.863,11.291,10.973,11.014
2017-03-31 00:00:00,7.802,11.284,11.279,10.974
2017-04-01 00:00:00,7.76,11.35,11.29,10.968
2017-04-02 00:00:00,7.786,11.337,11.285,10.857
2017-04-03 00:00:00,8.008,11.33,11.266,11.174
2017-04-04 00:00:00,7.942,11.319,11.116,11.038
2017-04-05 00:00:00,7.904,11.22,11.103,11.017
2017-04-06 00:00:00,7.955,11.426,11.068,10.945
2017-04-07 00:00:00,8.228,11.434,11.088,11.22
2017-04-08 00:00:00,8.211,11.36,11.108,11.205
2017-04-09 00:00:00,8.153,11.331,10.981,11.248
2017-04-10 00:00:00,8.164,11.201,10.914,11.25
2017-04-11 00:00:00,8.08,11.214,10.91,11.34
2017-04-12 00:00:00,8.053,11.217,10.977,11.886
2017-04-13 00:00:00,8.049,11.199,10.912,11.941
2017-04-14 00:00:00,8.007,11.196,10.897,11.909
2017-04-15 00:00:00,8.022,11.585,10.812,11.896
2017-04-16 00:00:00,8.001,11.454,10.796,11.822
2017-04-17 00:00:00,8.008,11.495,10.779,11.781
2017-04-18 00:00:00,7.957,11.348,10.77,11.831
2017-04-19 00:00:00,8.272,11.361,10.736,11.653
2017-04-20 00:00:00,8.242,11.243,10.751,11.477
2017-04-21 00:00:00,8.247,11.245,10.704,11.578
2017-04-22 00:00:00,8.509,11.186,10.763,11.558
2017-04-23 00:00:00,8.422,11.117,11.287,11.666
2017-04-24 00:00:00,8.472,11.416,11.613,11.619
2017-04-25 00:00:00,8.458,11.399,11.572,11.485
2017-04-26 00:00:00,8.381,11.306,11.491,11.492
2017-04-27 00:00:00,8.385,11.317,11.368,11.492
2017-04-28 00:00:00,8.389,11.22,11.309,11.403
2017-04-29 00:00:00,8.37,11.17,11.194,11.434
2017-04-30 00:00:00,8.364,11.253,11.1,11.332
2017-05-01 00:00:00,8.178,11.174,11.282,11.255
2017-05-02 00:00:00,8.127,11.24,11.236,11.254
2017-05-03 00:00:00,8.039,11.173,11.168,11.171
2017-05-04 00:00:00,7.938,11.147,11.109,11.085
2017-05-05 00:00:00,7.846,11.47,11.023,11.164
2017-05-06 00:00:00,7.801,11.495,11.035,11.054
2017-05-07 00:00:00,7.873,11.416,11.015,10.989
2017-05-08 00:00:00,7.683,11.345,10.938,10.948
2017-05-09 00:00:00,7.736,11.326,11.0,10.865
2017-05-10 00:00:00,7.817,11.246,11.134,10.786
2017-05-11 00:00:00,7.731,11.233,11.125,10.821
2017-05-12 00:00:00,7.744,11.172,11.446,10.756
2017-05-13 00:00:00,7.616,11.172,11.397,11.016
2017-05-14 00:00:00,7.585,11.101,11.377,10.866
2017-05-15 00:00:00,7.529,10.997,11.355,10.695
2017-05-16 00:00:00,7.517,10.957,11.29,10.641
2017-05-17 00:00:00,7.518,11.236,11.271,10.557
2017-05-18 00:00:00,7.598,11.11,11.175,10.591
2017-05-19 00:00:00,7.566,11.042,11.153,10.841
2017-05-20 00:00:00,7.499,11.032,11.062,10.794
2017-05-21 00:00:00,7.486,10.988,11.126,10.777
2017-05-22 00:00:00,7.456,10.933,11.181,10.753
2017-05-23 00:00:00,7.454,11.211,11.389,10.734
2017-05-24 00:00:00,7.559,11.202,11.401,10.626
2017-05-25 00:00:00,7.512,11.318,11.353,10.494
2017-05-26 00:00:00,7.485,11.269,11.303,10.453
2017-05-27 00:00:00,7.765,11.278,11.23,10.452
2017-05-28 00:00:00,7.704,11.242,11.179,10.368
2017-05-29 00:00:00,7.69,11.184,11.195,10.34
2017-05-30 00:00:00,7.576,11.135,11.212,10.254
2017-05-31 00:00:00,7.652,11.061,11.148,10.205
2017-06-01 00:00:00,7.677,11.109,11.381,10.098
2017-06-02 00:00:00,7.962,11.061,11.568,10.145
2017-06-03 00:00:00,7.882,11.451,11.419,10.152
2017-06-04 00:00:00,7.812,11.732,11.689,10.121
2017-06-05 00:00:00,7.706,11.597,11.577,10.104
2017-06-06 00:00:00,7.695,11.641,11.429,10.013
2017-06-07 00:00:00,7.751,11.552,11.362,9.951
2017-06-08 00:00:00,7.721,11.911,11.202,10.223
2017-06-09 00:00:00,7.831,11.724,11.155,10.263
2017-06-10 00:00:00,7.773,11.831,11.128,10.285
2017-06-11 00:00:00,7.825,11.728,11.058,10.096
2017-06-12 00:00:00,7.823,11.599,11.172,9.994
2017-06-13 00:00:00,7.768,11.441,11.099,9.827
2017-06-14 00:00:00,7.702,11.322,11.038,9.709
2017-06-15 00:00:00,7.706,11.27,10.988,9.627
2017-06-16 00:00:00,7.621,11.183,10.868,9.705
2017-06-17 00:00:00,7.602,11.163,10.806,9.601
2017-06-18 00:00:00,7.582,11.093,10.815,9.599
2017-06-19 00:00:00,7.471,10.918,10.822,9.606
2017-06-20 00:00:00,7.396,10.876,10.738,9.541
2017-06-21 00:00:00,7.242,10.805,10.68,9.975
2017-06-22 00:00:00,7.242,10.791,10.609,10.301
2017-06-23 00:00:00,7.448,10.702,10.523,10.611
2017-06-24 00:00:00,7.381,10.786,10.482,10.46
2017-06-25 00:00:00,7.328,10.788,10.446,10.321
2017-06-26 00:00:00,7.274,10.939,10.487,10.197
2017-06-27 00:00:00,7.214,10.878,10.624,10.141
2017-06-28 00:00:00,7.207,11.043,10.546,10.18
2017-06-29 00:00:00,7.226,10.902,10.493,10.134
2017-06-30 00:00:00,7.135,10.739,10.401,10.09
2017-07-01 00:00:00,7.079,10.735,10.168,10.01
2017-07-02 00:00:00,7.351,10.638,10.077,9.862
2017-07-03 00:00:00,7.327,10.55,10.067,9.861
2017-07-04 00:00:00,7.246,10.468,10.355,9.881
2017-07-05 00:00:00,7.214,10.347,10.217,10.09
2017-07-06 00:00:00,7.159,10.182,10.193,10.006
2017-07-07 00:00:00,7.019,10.213,10.132,9.901
2017-07-08 00:00:00,6.922,10.068,10.073,9.876
2017-07-09 00:00:00,6.853,10.018,9.96,9.871
2017-07-10 00:00:00,6.869,10.018,9.801,9.794
2017-07-11 00:00:00,6.881,10.188,9.652,9.75
2017-07-12 00:00:00,6.838,10.124,9.6,9.964
2017-07-13 00:00:00,6.907,10.033,9.629,10.016
2017-07-14 00:00:00,6.783,10.044,9.625,9.967
2017-07-15 00:00:00,6.682,9.935,9.623,10.037
2017-07-16 00:00:00,6.747,10.236,9.553,9.951
2017-07-17 00:00:00,6.688,10.181,9.533,9.929
2017-07-18 00:00:00,6.606,10.193,9.568,9.902
2017-07-19 00:00:00,6.494,10.246,9.599,9.774
2017-07-20 00:00:00,6.242,10.156,9.516,9.678
2017-07-21 00:00:00,6.427,10.07,9.421,9.605
2017-07-22 00:00:00,6.332,10.047,9.444,9.532
2017-07-23 00:00:00,6.444,10.008,9.41,9.448
2017-07-24 00:00:00,6.423,9.886,9.308,9.421
2017-07-25 00:00:00,6.43,9.848,9.523,9.382
2017-07-26 00:00:00,6.246,9.726,9.448,9.418
2017-07-27 00:00:00,6.342,9.598,9.494,9.34
2017-07-28 00:00:00,6.287,9.446,9.447,9.337
2017-07-29 00:00:00,6.227,9.588,9.443,9.269
2017-07-30 00:00:00,6.623,9.946,9.338,9.204
2017-07-31 00:00:00,6.561,9.776,9.498,9.126
2017-08-01 00:00:00,6.833,9.795,9.454,9.04
2017-08-02 00:00:00,6.72,10.011,9.371,8.983
2017-08-03 00:00:00,6.73,9.962,9.281,8.974
2017-08-04 00:00:00,6.652,9.783,9.272,8.948
2017-08-05 00:00:00,6.544,9.684,9.172,8.895
2017-08-06 00:00:00,6.464,9.613,9.022,9.01
2017-08-07 00:00:00,6.406,9.53,9.014,8.918
2017-08-08 00:00:00,6.226,9.466,9.05,8.983
2017-08-09 00:00:00,6.15,9.397,9.066,8.892
2017-08-10 00:00:00,6.227,9.301,9.148,8.881
2017-08-11 00:00:00,6.286,9.188,9.119,8.823
2017-08-12 00:00:00,6.32,9.133,9.04,8.811
2017-08-13 00:00:00,6.309,9.285,9.051,8.724
2017-08-14 00:00:00,6.159,9.251,9.047,8.694
2017-08-15 00:00:00,6.016,9.217,9.073,8.826
2017-08-16 00:00:00,6.155,9.424,9.009,8.778
2017-08-17 00:00:00,6.045,9.615,8.989,8.677
2017-08-18 00:00:00,5.945,9.668,8.944,9.006
2017-08-19 00:00:00,5.895,9.671,8.842,8.981
2017-08-20 00:00:00,5.859,9.568,8.845,8.891
2017-08-21 00:00:00,5.73,9.526,8.718,8.811
2017-08-22 00:00:00,5.564,9.882,8.597,8.661
2017-08-23 00:00:00,5.743,9.716,8.864,8.494
2017-08-24 00:00:00,5.734,9.699,8.709,8.422
2017-08-25 00:00:00,5.822,9.731,8.612,8.391
2017-08-26 00:00:00,5.833,9.611,8.646,8.304
2017-08-27 00:00:00,5.824,9.476,8.522,8.323
2017-08-28 00:00:00,5.724,9.34,8.5,8.284
2017-08-29 00:00:00,6.101,9.282,8.534,8.218
2017-08-30 00:00:00,5.95,9.162,8.498,8.218
2017-08-31 00:00:00,5.893,9.051,8.466,8.124
2017-09-01 00:00:00,5.767,8.927,8.447,8.059
2017-09-02 00:00:00,5.741,8.9,8.426,7.957
2017-09-03 00:00:00,5.656,8.905,8.926,7.901
2017-09-04 00:00:00,5.524,8.966,8.91,7.836
2017-09-05 00:00:00,5.405,8.837,8.852,7.815
2017-09-06 00:00:00,5.792,8.705,8.763,7.744
2017-09-07 00:00:00,5.741,8.806,8.671,7.723
2017-09-08 00:00:00,5.668,8.917,8.631,8.123
2017-09-09 00:00:00,5.639,8.759,8.656,8.118
2017-09-10 00:00:00,5.641,8.645,8.632,8.034
2017-09-11 00:00:00,5.549,8.717,8.593,8.128
2017-09-12 00:00:00,5.4,9.119,8.565,8.116
2017-09-13 00:00:00,5.391,9.02,8.402,8.03
2017-09-14 00:00:00,5.308,8.982,8.39,8.123
2017-09-15 00:00:00,5.467,8.958,8.424,8.201
2017-09-16 00:00:00,5.404,8.915,8.403,8.094
2017-09-17 00:00:00,5.402,8.908,8.378,8.119
2017-09-18 00:00:00,5.255,8.985,8.306,8.149
2017-09-19 00:00:00,5.272,8.934,8.276,8.299
2017-09-20 00:00:00,5.274,8.831,8.155,8.256
2017-09-21 00:00:00,5.234,8.735,8.14,8.316
2017-09-22 00:00:00,5.174,8.691,8.476,8.325
2017-09-23 00:00:00,5.088,8.686,8.428,8.272
2017-09-24 00:00:00,5.08,8.618,8.37,8.286
2017-09-25 00:00:00,5.124,8.594,8.26,8.198
2017-09-26 00:00:00,4.977,8.672,8.206,8.176
2017-09-27 00:00:00,5.155,8.544,8.047,8.17
2017-09-28 00:00:00,5.164,8.394,7.976,8.052
2017-09-29 00:00:00,5.066,8.286,7.994,7.944
2017-09-30 00:00:00,5.093,8.332,7.905,7.897
2017-10-01 00:00:00,5.079,8.467,7.867,7.903
2017-10-02 00:00:00,5.083,8.557,7.937,7.927
2017-10-03 00:00:00,5.017,8.449,8.06,7.848
2017-10-04 00:00:00,4.991,8.411,8.141,7.81
2017-10-05 00:00:00,5.011,8.613,8.089,7.798
2017-10-06 00:00:00,4.883,8.589,8.007,7.75
2017-10-07 00:00:00,4.885,8.513,8.065,7.673
2017-10-08 00:00:00,4.824,8.44,8.018,7.563
2017-10-09 00:00:00,4.795,8.349,8.255,7.416
2017-10-10 00:00:00,4.798,8.381,8.203,7.399
2017-10-11 00:00:00,4.748,8.443,8.169,7.376
2017-10-12 00:00:00,4.656,8.596,8.135,7.315
2017-10-13 00:00:00,4.623,8.526,8.151,7.36
2017-10-14 00:00:00,4.649,8.51,8.153,7.339
2017-10-15 00:00:00,4.639,8.472,8.21,7.558
2017-10-16 00:00:00,4.603,8.469,8.183,7.565
2017-10-17 00:00:00,4.588,8.367,8.217,7.527
2017-10-18 00:00:00,4.594,8.241,8.105,7.488
2017-10-19 00:00:00,4.693,8.108,8.439,7.418
2017-10-20 00:00:00,4.702,8.149,8.48,7.502
2017-10-21 00:00:00,4.665,8.106,8.434,7.44
2017-10-22 00:00:00,4.677,8.082,8.538,7.425
2017-10-23 00:00:00,4.722,8.153,8.513,7.453
2017-10-24 00:00:00,4.788,8.191,8.482,7.437
2017-10-25 00:00:00,4.816,8.238,8.416,7.448
2017-10-26 00:00:00,4.746,8.149,8.445,7.48
2017-10-27 00:00:00,4.762,8.031,8.38,7.431
2017-10-28 00:00:00,4.666,7.964,8.335,7.462
2017-10-29 00:00:00,4.61,8.121,8.296,7.416
2017-10-30 00:00:00,4.58,8.098,8.274,7.401
2017-10-31 00:00:00,4.594,8.043,8.276,7.448
2017-11-01 00:00:00,4.574,8.035,8.605,7.437
2017-11-02 00:00:00,4.474,8.081,8.574,7.453
2017-11-03 00:00:00,4.48,7.967,8.555,7.438
2017-11-04 00:00:00,4.448,7.957,8.507,7.973
2017-11-05 00:00:00,4.51,8.002,8.446,7.982
2017-11-06 00:00:00,4.482,8.006,8.514,8.038
2017-11-07 00:00:00,4.456,7.976,8.452,8.022
2017-11-08 00:00:00,4.467,8.014,8.504,8.029
2017-11-09 00:00:00,4.432,8.015,8.472,8.148
2017-11-10 00:00:00,4.486,8.074,8.423,8.107
2017-11-11 00:00:00,4.395,8.059,8.323,8.075
2017-11-12 00:00:00,4.834,8.035,9.458,8.057
2017-11-13 00:00:00,4.77,8.043,9.69,8.031
2017-11-14 00:00:00,4.758,8.07,9.59,7.991
2017-11-15 00:00:00,5.323,8.021,9.724,8.317
2017-11-16 00:00:00,5.312,8.392,9.649,8.564
2017-11-17 00:00:00,5.384,8.288,9.58,8.485
2017-11-18 00:00:00,5.397,8.204,9.856,8.412
2017-11-19 00:00:00,5.295,8.254,9.833,8.682
2017-11-20 00:00:00,5.588,8.239,9.804,8.783
2017-11-21 00:00:00,5.633,8.255,9.782,8.819
2017-11-22 00:00:00,5.663,8.242,9.652,8.837
2017-11-23 00:00:00,6.278,8.99,9.767,8.628
2017-11-24 00:00:00,6.231,8.861,9.613,8.543
2017-11-25 00:00:00,6.064,8.856,9.453,8.511
2017-11-26 00:00:00,5.986,8.837,9.46,8.497
2017-11-27 00:00:00,5.924,8.731,9.356,8.518
2017-11-28 00:00:00,5.933,8.659,9.333,8.42
2017-11-29 00:00:00,5.925,8.593,9.251,8.342
2017-11-30 00:00:00,5.897,8.56,9.17,8.255
2017-12-01 00:00:00,6.267,8.505,9.085,8.238
2017-12-02 00:00:00,6.244,8.459,9.113,8.236
2017-12-03 00:00:00,6.202,8.732,9.063,8.408
2017-12-04 00:00:00,6.111,8.725,9.179,8.417
2017-12-05 00:00:00,6.087,8.999,9.088,8.503
2017-12-06 00:00:00,6.079,9.083,8.983,8.493
2017-12-07 00:00:00,6.577,9.147,9.066,8.463
2017-12-08 00:00:00,6.534,9.119,9.015,8.516
2017-12-09 00:00:00,6.448,9.31,8.994,8.395
2017-12-10 00:00:00,6.336,9.19,8.925,8.729
2017-12-11 00:00:00,6.307,9.106,8.843,8.68
2017-12-12 00:00:00,6.33,9.075,8.967,8.698
2017-12-13 00:00:00,6.283,9.357,8.915,8.916
2017-12-14 00:00:00,6.161,9.585,8.903,8.821
2017-12-15 00:00:00,6.131,9.534,8.939,8.695
2017-12-16 00:00:00,5.974,9.495,8.901,8.659
2017-12-17 00:00:00,6.006,9.645,8.93,8.616
2017-12-18 00:00:00,6.166,9.737,8.894,8.565
2017-12-19 00:00:00,6.258,9.694,9.291,8.536
2017-12-20 00:00:00,6.22,9.675,9.307,8.638
2017-12-21 00:00:00,6.519,9.63,9.29,8.81
2017-12-22 00:00:00,6.448,9.67,9.321,8.756
2017-12-23 00:00:00,6.457,9.704,9.271,8.845
2017-12-24 00:00:00,6.439,9.572,9.203,8.783
2017-12-25 00:00:00,6.411,9.669,9.176,8.782
2017-12-26 00:00:00,6.437,9.523,9.094,8.707
2017-12-27 00:00:00,6.435,9.49,9.109,8.672
2017-12-28 00:00:00,6.42,9.483,9.073,8.679
2017-12-29 00:00:00,6.285,9.502,9.211,8.794
2017-12-30 00:00:00,6.338,9.769,9.203,8.757
2017-12-31 00:00:00,6.424,9.925,9.195,8.916
2018-01-01 00:00:00,6.689,9.91,9.237,9.199
2018-01-02 00:00:00,6.589,9.926,9.638,9.091
2018-01-03 00:00:00,6.585,9.954,9.623,9.044
2018-01-04 00:00:00,6.521,10.042,9.592,9.061
2018-01-05 00:00:00,6.532,10.135,9.658,9.105
2018-01-06 00:00:00,6.441,10.138,9.594,9.13
2018-01-07 00:00:00,6.334,10.05,9.519,9.14
2018-01-08 00:00:00,6.304,9.933,9.595,9.12
2018-01-09 00:00:00,6.353,9.883,9.609,9.043
2018-01-10 00:00:00,6.421,9.818,9.56,9.079
2018-01-11 00:00:00,6.393,9.754,9.755,9.2
2018-01-12 00:00:00,6.684,9.72,9.707,9.156
2018-01-13 00:00:00,6.625,9.805,9.621,9.137
2018-01-14 00:00:00,6.579,9.782,9.623,9.077
2018-01-15 00:00:00,6.55,9.726,9.652,9.058
2018-01-16 00:00:00,6.915,9.643,9.663,9.113
2018-01-17 00:00:00,6.993,9.597,9.637,9.076
2018-01-18 00:00:00,6.921,9.769,9.634,9.212
2018-01-19 00:00:00,6.914,9.744,9.632,9.204
2018-01-20 00:00:00,6.846,9.783,9.613,9.794
2018-01-21 00:00:00,6.822,9.661,9.56,9.786
2018-01-22 00:00:00,6.756,9.71,9.607,9.954
2018-01-23 00:00:00,6.748,9.766,9.579,9.96
2018-01-24 00:00:00,6.814,10.133,9.766,10.071
2018-01-25 00:00:00,6.76,10.076,9.677,10.136
2018-01-26 00:00:00,6.731,10.057,9.713,10.047
2018-01-27 00:00:00,6.651,9.991,9.921,9.96
2018-01-28 00:00:00,6.677,10.291,9.898,9.974
2018-01-29 00:00:00,6.718,10.214,9.903,10.004
2018-01-30 00:00:00,6.658,10.187,10.075,9.978
2018-01-31 00:00:00,6.774,10.196,10.094,10.099
2018-02-01 00:00:00,6.738,10.211,10.099,10.07
2018-02-02 00:00:00,6.766,10.237,10.129,10.202
2018-02-03 00:00:00,6.673,10.219,10.188,10.167
2018-02-04 00:00:00,6.641,10.268,10.13,10.177
2018-02-05 00:00:00,6.628,10.274,10.16,10.239
2018-02-06 00:00:00,6.591,10.291,10.285,10.202
2018-02-07 00:00:00,7.167,10.254,10.177,10.146
2018-02-08 00:00:00,7.281,10.222,10.432,10.001
2018-02-09 00:00:00,7.277,10.162,10.349,9.986
2018-02-10 00:00:00,7.27,10.338,10.358,9.92
2018-02-11 00:00:00,7.259,10.267,10.653,9.97
2018-02-12 00:00:00,7.191,10.323,10.632,9.988
2018-02-13 00:00:00,7.238,10.637,10.659,9.982
2018-02-14 00:00:00,7.185,10.914,10.678,9.95
2018-02-15 00:00:00,7.114,10.829,10.678,9.972
2018-02-16 00:00:00,7.183,10.751,10.69,10.029
2018-02-17 00:00:00,7.2,10.851,11.044,10.22
2018-02-18 00:00:00,7.208,10.842,10.941,10.135
2018-02-19 00:00:00,7.206,10.769,10.911,10.162
2018-02-20 00:00:00,7.089,10.812,10.837,10.158
2018-02-21 00:00:00,7.066,10.791,10.761,10.168
2018-02-22 00:00:00,6.996,10.75,10.777,10.062
2018-02-23 00:00:00,6.93,10.682,10.705,10.034
2018-02-24 00:00:00,7.014,10.656,10.729,10.051
2018-02-25 00:00:00,7.013,10.616,10.714,9.993
2018-02-26 00:00:00,7.011,10.581,10.732,9.999
2018-02-27 00:00:00,7.005,10.509,10.782,9.957
2018-02-28 00:00:00,7.122,10.513,10.837,9.932
2018-03-01 00:00:00,7.067,10.533,10.841,10.019
2018-03-02 00:00:00,7.069,10.54,10.857,10.022
2018-03-03 00:00:00,7.092,10.487,10.886,10.008
2018-03-04 00:00:00,7.096,10.899,11.2,10.022
2018-03-05 00:00:00,7.28,10.925,11.109,10.059
2018-03-06 00:00:00,7.273,10.834,11.076,10.027
2018-03-07 00:00:00,7.315,10.75,11.142,9.957
2018-03-08 00:00:00,7.369,10.988,11.058,9.956
2018-03-09 00:00:00,7.385,11.024,11.028,9.906
2018-03-10 00:00:00,7.392,11.022,10.986,9.876
2018-03-11 00:00:00,7.442,10.975,10.921,9.972
2018-03-12 00:00:00,7.408,10.969,10.89,10.03
2018-03-13 00:00:00,7.411,10.992,10.851,10.09
2018-03-14 00:00:00,7.549,10.991,10.86,10.102
2018-03-15 00:00:00,7.6,10.992,10.861,10.385
2018-03-16 00:00:00,7.668,10.881,10.905,10.668
2018-03-17 00:00:00,7.67,10.787,10.955,10.589
2018-03-18 00:00:00,7.825,10.71,10.963,10.649
2018-03-19 00:00:00,7.761,10.675,11.059,10.697
2018-03-20 00:00:00,7.723,11.051,11.029,10.69
2018-03-21 00:00:00,7.694,11.01,10.889,10.692
2018-03-22 00:00:00,7.673,11.029,10.822,10.598
2018-03-23 00:00:00,7.59,11.02,10.784,10.581
2018-03-24 00:00:00,7.667,10.945,10.772,10.512
2018-03-25 00:00:00,7.677,11.074,10.677,10.443
2018-03-26 00:00:00,8.111,11.153,10.736,10.696
2018-03-27 00:00:00,8.109,11.319,10.806,10.627
2018-03-28 00:00:00,8.12,11.33,10.916,10.538
2018-03-29 00:00:00,8.154,11.233,10.932,10.449
2018-03-30 00:00:00,8.109,11.244,10.935,10.599
2018-03-31 00:00:00,8.111,11.25,11.099,10.539
2018-04-01 00:00:00,8.046,11.278,11.132,10.508
2018-04-02 00:00:00,8.011,11.275,11.105,10.451
2018-04-03 00:00:00,8.028,11.313,11.036,10.661
2018-04-04 00:00:00,8.017,11.255,10.965,10.74
2018-04-05 00:00:00,7.994,11.297,11.045,10.837
2018-04-06 00:00:00,7.909,11.456,11.084,10.782
2018-04-07 00:00:00,8.385,11.357,11.156,10.738
2018-04-08 00:00:00,8.509,11.493,11.219,10.672
2018-04-09 00:00:00,8.512,11.443,11.159,10.879
2018-04-10 00:00:00,8.447,11.363,11.082,10.867
2018-04-11 00:00:00,8.425,11.269,11.04,10.879
2018-04-12 00:00:00,8.579,11.276,11.015,10.809
2018-04-13 00:00:00,8.521,11.4,10.906,10.791
2018-04-14 00:00:00,8.376,11.38,10.89,10.748
2018-04-15 00:00:00,8.386,11.33,10.904,11.034
2018-04-16 00:00:00,8.24,11.238,10.952,10.919
2018-04-17 00:00:00,8.669,11.215,10.917,10.952
2018-04-18 00:00:00,8.533,11.176,11.389,10.885
2018-04-19 00:00:00,8.595,11.117,11.303,10.729
2018-04-20 00:00:00,8.65,11.117,11.239,10.613
2018-04-21 00:00:00,8.547,11.06,11.185,10.499
2018-04-22 00:00:00,8.534,11.068,11.078,10.408
2018-04-23 00:00:00,8.442,11.049,10.988,10.467
2018-04-24 00:00:00,8.342,10.962,11.024,10.518
2018-04-25 00:00:00,8.277,10.998,11.099,10.908
2018-04-26 00:00:00,8.228,10.97,11.085,10.792
2018-04-27 00:00:00,8.236,10.965,11.18,10.746
2018-04-28 00:00:00,8.154,11.019,11.072,10.681
2018-04-29 00:00:00,8.108,10.969,11.107,10.928
2018-04-30 00:00:00,8.112,10.884,11.163,10.861
2018-05-01 00:00:00,8.078,10.974,11.109,10.886
2018-05-02 00:00:00,7.857,10.907,11.037,10.889
2018-05-03 00:00:00,7.744,10.854,10.994,10.826
2018-05-04 00:00:00,7.657,10.889,10.919,10.7
2018-05-05 00:00:00,7.615,10.91,10.872,10.738
2018-05-06 00:00:00,7.564,10.905,10.917,10.581
2018-05-07 00:00:00,7.586,10.749,10.805,10.653
2018-05-08 00:00:00,7.614,10.8,10.769,10.585
2018-05-09 00:00:00,7.599,11.242,10.753,10.569
2018-05-10 00:00:00,7.54,11.204,10.737,10.628
2018-05-11 00:00:00,7.568,11.231,10.96,10.574
2018-05-12 00:00:00,7.567,11.25,11.031,10.622
2018-05-13 00:00:00,7.62,11.154,11.235,10.66
2018-05-14 00:00:00,7.547,11.125,11.265,10.709
2018-05-15 00:00:00,7.534,11.142,11.179,10.726
2018-05-16 00:00:00,7.582,11.136,11.366,10.679
2018-05-17 00:00:00,7.537,11.175,11.294,10.653
2018-05-18 00:00:00,7.459,11.05,11.134,10.576
2018-05-19 00:00:00,7.486,11.009,11.452,10.44
2018-05-20 00:00:00,7.492,11.034,11.396,10.49
2018-05-21 00:00:00,7.474,11.081,11.319,10.575
2018-05-22 00:00:00,7.719,11.0,11.278,10.726
2018-05-23 00:00:00,7.71,10.926,11.204,10.684
2018-05-24 00:00:00,7.652,10.812,11.148,10.714
2018-05-25 00:00:00,7.55,10.709,11.097,10.701
2018-05-26 00:00:00,7.519,10.671,11.43,10.645
2018-05-27 00:00:00,7.528,10.704,11.913,10.564
2018-05-28 00:00:00,7.504,10.72,11.801,10.482
2018-05-29 00:00:00,7.404,10.791,11.781,10.447
2018-05-30 00:00:00,7.496,10.751,11.625,10.412
2018-05-31 00:00:00,7.465,10.784,11.587,10.352
2018-06-01 00:00:00,7.334,10.71,11.728,10.31
2018-06-02 00:00:00,7.349,10.629,11.739,10.327
2018-06-03 00:00:00,7.243,10.531,11.636,10.257
2018-06-04 00:00:00,7.418,10.58,11.562,10.153
2018-06-05 00:00:00,7.33,10.529,11.587,10.215
2018-06-06 00:00:00,7.404,10.744,11.735,10.223
2018-06-07 00:00:00,7.444,10.741,11.56,10.254
2018-06-08 00:00:00,7.528,10.626,11.497,10.15
2018-06-09 00:00:00,7.472,10.605,11.405,9.985
2018-06-10 00:00:00,7.408,10.705,11.349,9.927
2018-06-11 00:00:00,7.413,11.059,11.32,10.162
2018-06-12 00:00:00,7.328,10.999,11.271,10.24
2018-06-13 00:00:00,7.346,10.866,11.225,10.17
2018-06-14 00:00:00,7.328,10.851,11.172,10.143
2018-06-15 00:00:00,7.325,10.751,11.053,10.117
2018-06-16 00:00:00,7.243,10.715,10.959,10.304
2018-06-17 00:00:00,7.112,10.934,10.821,10.265
2018-06-18 00:00:00,7.076,10.886,10.748,10.107
2018-06-19 00:00:00,7.185,10.831,10.693,10.036
2018-06-20 00:00:00,7.287,10.759,10.649,10.039
2018-06-21 00:00:00,7.219,10.831,10.576,10.019
2018-06-22 00:00:00,7.134,10.727,10.643,9.944
2018-06-23 00:00:00,7.175,10.569,10.663,9.874
2018-06-24 00:00:00,7.208,10.671,10.453,9.825
2018-06-25 00:00:00,7.117,10.953,10.588,9.768
2018-06-26 00:00:00,7.109,11.069,10.543,9.739
2018-06-27 00:00:00,7.099,10.95,10.541,9.657
2018-06-28 00:00:00,6.993,10.907,10.528,9.578
2018-06-29 00:00:00,6.878,10.738,10.479,9.405
2018-06-30 00:00:00,7.167,10.635,10.559,9.321
2018-07-01 00:00:00,7.092,10.833,10.436,9.28
2018-07-02 00:00:00,7.145,10.794,10.423,9.257
2018-07-03 00:00:00,6.941,10.72,10.555,9.18
2018-07-04 00:00:00,6.918,10.978,10.449,9.163
2018-07-05 00:00:00,6.891,10.911,10.363,9.252
2018-07-06 00:00:00,6.798,10.886,10.244,9.279
2018-07-07 00:00:00,6.83,10.831,10.141,9.256
2018-07-08 00:00:00,6.834,10.61,10.034,9.207
2018-07-09 00:00:00,6.91,10.561,9.895,9.147
2018-07-10 00:00:00,6.833,10.454,10.022,9.079
2018-07-11 00:00:00,6.838,10.419,9.977,9.066
2018-07-12 00:00:00,6.818,10.354,9.902,8.997
2018-07-13 00:00:00,6.759,10.291,9.853,8.928
2018-07-14 00:00:00,6.706,10.193,9.868,9.03
2018-07-15 00:00:00,6.598,10.064,9.811,8.926
2018-07-16 00:00:00,6.525,10.044,9.626,8.888
2018-07-17 00:00:00,6.663,10.024,9.638,9.053
2018-07-18 00:00:00,7.005,9.899,9.528,9.001
2018-07-19 00:00:00,7.273,9.805,9.545,8.904
2018-07-20 00:00:00,7.568,9.81,9.518,8.863
2018-07-21 00:00:00,7.478,9.729,9.451,8.886
2018-07-22 00:00:00,7.497,9.878,9.566,8.824
2018-07-23 00:00:00,7.355,9.776,9.539,8.706
2018-07-24 00:00:00,7.363,9.717,9.484,8.67
2018-07-25 00:00:00,7.358,10.14,9.447,8.797
2018-07-26 00:00:00,7.201,9.98,9.613,8.702
2018-07-27 00:00:00,7.035,10.02,9.556,8.693
2018-07-28 00:00:00,6.883,9.919,9.5,8.63
2018-07-29 00:00:00,6.877,9.822,9.648,9.144
2018-07-30 00:00:00,6.748,9.7,9.582,9.056
2018-07-31 00:00:00,6.62,9.618,9.481,8.933
2018-08-01 00:00:00,6.634,9.558,9.556,8.856
2018-08-02 00:00:00,6.481,9.52,9.468,8.81
2018-08-03 00:00:00,6.428,9.424,9.402,8.746
2018-08-04 00:00:00,6.403,9.325,9.701,8.687
2018-08-05 00:00:00,6.331,9.39,9.585,8.749
2018-08-06 00:00:00,6.268,9.309,9.512,8.721
2018-08-07 00:00:00,6.214,9.215,9.493,8.712
2018-08-08 00:00:00,6.117,9.089,9.437,8.615
2018-08-09 00:00:00,5.995,9.025,9.363,9.129
2018-08-10 00:00:00,5.883,8.948,9.31,9.045
2018-08-11 00:00:00,5.926,8.808,9.469,8.925
2018-08-12 00:00:00,6.366,8.972,9.527,8.86
2018-08-13 00:00:00,6.287,8.962,9.523,8.953
2018-08-14 00:00:00,6.218,8.948,9.367,8.949
2018-08-15 00:00:00,6.219,8.996,9.303,8.925
2018-08-16 00:00:00,6.103,8.987,9.558,8.871
2018-08-17 00:00:00,6.019,8.917,9.452,8.768
2018-08-18 00:00:00,5.926,8.877,9.399,8.764
2018-08-19 00:00:00,5.825,8.809,9.318,8.771
2018-08-20 00:00:00,5.697,9.093,9.215,8.671
2018-08-21 00:00:00,5.672,9.107,9.209,8.655
2018-08-22 00:00:00,5.685,9.042,9.15,8.62
2018-08-23 00:00:00,5.688,8.983,9.051,8.568
2018-08-24 00:00:00,5.731,8.903,8.977,8.521
2018-08-25 00:00:00,5.656,8.822,8.9,8.473
2018-08-26 00:00:00,5.585,8.78,9.005,8.636
2018-08-27 00:00:00,5.425,8.693,8.985,8.606
2018-08-28 00:00:00,5.365,8.594,8.899,8.582
2018-08-29 00:00:00,5.377,8.573,8.839,8.705
2018-08-30 00:00:00,5.459,8.822,8.857,8.787
2018-08-31 00:00:00,5.381,8.765,8.774,8.618
2018-09-01 00:00:00,5.412,8.61,8.839,8.608
2018-09-02 00:00:00,5.483,8.551,8.873,8.528
2018-09-03 00:00:00,5.379,8.526,8.825,8.619
2018-09-04 00:00:00,5.374,8.521,8.81,8.704
2018-09-05 00:00:00,5.428,8.56,8.706,8.55
2018-09-06 00:00:00,5.363,8.566,8.697,8.538
2018-09-07 00:00:00,5.307,8.492,8.661,8.639
2018-09-08 00:00:00,5.335,8.532,9.008,8.652
2018-09-09 00:00:00,5.411,8.491,8.941,9.018
2018-09-10 00:00:00,5.324,8.386,8.899,8.962
2018-09-11 00:00:00,5.485,8.337,8.824,8.923
2018-09-12 00:00:00,5.436,8.316,8.753,8.712
2018-09-13 00:00:00,5.379,8.299,8.742,8.614
2018-09-14 00:00:00,5.329,8.211,8.644,8.554
2018-09-15 00:00:00,5.383,8.157,8.477,8.52
2018-09-16 00:00:00,5.362,8.07,8.516,8.644
2018-09-17 00:00:00,5.285,8.146,8.394,8.561
2018-09-18 00:00:00,5.217,8.175,8.343,8.473
2018-09-19 00:00:00,5.131,8.128,8.497,8.911
2018-09-20 00:00:00,5.149,8.08,8.459,8.823
2018-09-21 00:00:00,5.099,8.007,8.634,8.71
2018-09-22 00:00:00,4.999,8.018,8.631,8.796
2018-09-23 00:00:00,4.974,7.917,8.628,8.886
2018-09-24 00:00:00,4.867,8.084,8.568,8.812
2018-09-25 00:00:00,4.953,8.074,8.489,8.959
2018-09-26 00:00:00,5.345,8.071,8.667,8.839
2018-09-27 00:00:00,5.336,8.021,8.587,9.045
2018-09-28 00:00:00,5.398,7.997,8.514,9.003
2018-09-29 00:00:00,5.322,7.981,8.413,8.98
2018-09-30 00:00:00,5.189,8.05,8.39,9.111
2018-10-01 00:00:00,5.17,8.027,8.371,9.04
2018-10-02 00:00:00,5.139,8.16,8.766,9.008
2018-10-03 00:00:00,5.426,8.029,8.69,8.914
2018-10-04 00:00:00,5.309,7.907,8.584,9.073
2018-10-05 00:00:00,5.233,7.888,8.506,8.935
2018-10-06 00:00:00,5.205,7.848,8.509,8.872
2018-10-07 00:00:00,5.073,8.033,8.424,8.677
2018-10-08 00:00:00,5.047,7.987,8.745,8.672
2018-10-09 00:00:00,4.961,7.922,8.646,8.887
2018-10-10 00:00:00,5.099,7.907,8.594,8.797
2018-10-11 00:00:00,5.061,7.989,8.545,8.583
2018-10-12 00:00:00,5.064,8.042,8.389,8.549
2018-10-13 00:00:00,5.097,8.014,8.296,8.496
2018-10-14 00:00:00,5.04,7.949,8.227,8.442
2018-10-15 00:00:00,5.022,8.022,8.274,8.394
2018-10-16 00:00:00,5.183,7.858,8.208,8.289
2018-10-17 00:00:00,5.112,7.862,8.102,8.173
2018-10-18 00:00:00,5.175,7.828,7.981,8.214
2018-10-19 00:00:00,5.456,7.702,8.002,8.208
2018-10-20 00:00:00,5.543,7.727,7.964,8.137
2018-10-21 00:00:00,5.446,7.676,7.976,8.089
2018-10-22 00:00:00,5.326,7.635,8.019,8.076
2018-10-23 00:00:00,5.377,7.675,8.039,8.095
2018-10-24 00:00:00,5.625,7.68,7.977,8.236
2018-10-25 00:00:00,5.588,7.69,7.94,8.194
2018-10-26 00:00:00,5.518,7.727,7.977,8.146
2018-10-27 00:00:00,5.642,7.675,7.979,8.045
2018-10-28 00:00:00,5.612,7.615,8.273,8.031
2018-10-29 00:00:00,5.568,7.601,8.201,7.988
2018-10-30 00:00:00,5.549,7.665,8.118,7.915
2018-10-31 00:00:00,5.516,7.637,8.072,7.9
2018-11-01 00:00:00,5.442,7.676,8.087,7.853
2018-11-02 00:00:00,5.474,7.674,8.086,7.751
2018-11-03 00:00:00,5.42,7.661,8.012,7.776
2018-11-04 00:00:00,5.368,7.639,8.153,7.84
2018-11-05 00:00:00,5.521,7.688,8.159,7.742
2018-11-06 00:00:00,5.785,7.678,8.145,7.702
2018-11-07 00:00:00,5.816,7.624,8.122,7.653
2018-11-08 00:00:00,5.786,7.628,8.112,7.534
2018-11-09 00:00:00,5.724,7.939,8.092,7.506
2018-11-10 00:00:00,5.68,8.1,8.049,7.511
2018-11-11 00:00:00,5.702,8.091,8.112,7.519
2018-11-12 00:00:00,5.732,8.093,8.156,8.039
2018-11-13 00:00:00,5.624,8.727,8.181,8.071
2018-11-14 00:00:00,5.506,8.625,8.173,7.973
2018-11-15 00:00:00,5.421,8.55,8.209,7.987
2018-11-16 00:00:00,5.477,8.461,8.204,8.077
2018-11-17 00:00:00,5.715,8.397,8.408,8.104
2018-11-18 00:00:00,5.594,8.295,8.452,8.038
2018-11-19 00:00:00,5.496,8.338,8.438,7.977
2018-11-20 00:00:00,5.501,8.286,8.409,8.017
2018-11-21 00:00:00,5.443,8.306,8.328,8.064
2018-11-22 00:00:00,5.686,8.207,8.301,8.031
2018-11-23 00:00:00,5.625,8.135,8.357,7.963
2018-11-24 00:00:00,5.514,8.079,8.295,8.054
2018-11-25 00:00:00,5.439,8.208,8.284,7.997
2018-11-26 00:00:00,5.422,8.23,8.233,7.975
2018-11-27 00:00:00,5.343,8.238,8.189,7.929
2018-11-28 00:00:00,5.338,8.29,8.13,8.224
2018-11-29 00:00:00,5.315,8.329,8.134,8.246
2018-11-30 00:00:00,5.273,8.116,8.127,8.377
2018-12-01 00:00:00,5.31,8.082,8.158,8.388
2018-12-02 00:00:00,5.252,8.163,9.041,8.263
2018-12-03 00:00:00,5.363,8.115,8.992,8.195
2018-12-04 00:00:00,5.432,8.114,8.945,8.216
2018-12-05 00:00:00,5.541,8.867,8.91,8.413
2018-12-06 00:00:00,5.582,8.799,8.914,8.396
2018-12-07 00:00:00,6.179,9.071,8.896,8.315
2018-12-08 00:00:00,6.169,9.11,8.786,8.386
2018-12-09 00:00:00,6.127,9.321,8.843,8.397
2018-12-10 00:00:00,6.064,9.188,8.829,8.556
2018-12-11 00:00:00,6.0,9.134,8.8,8.477
2018-12-12 00:00:00,5.915,9.529,9.085,8.39
2018-12-13 00:00:00,5.935,9.656,9.05,8.412
2018-12-14 00:00:00,5.963,9.676,8.99,8.377
2018-12-15 00:00:00,5.918,10.096,9.074,8.617
2018-12-16 00:00:00,5.899,10.003,9.073,8.9
2018-12-17 00:00:00,5.815,9.932,9.041,8.804
2018-12-18 00:00:00,5.729,9.864,9.029,8.877
2018-12-19 00:00:00,5.827,9.823,8.968,8.872
2018-12-20 00:00:00,5.857,10.252,8.995,8.835
2018-12-21 00:00:00,6.131,10.183,8.991,8.749
2018-12-22 00:00:00,6.315,10.32,9.073,8.681
2018-12-23 00:00:00,6.262,10.274,9.026,8.705
2018-12-24 00:00:00,6.231,10.157,9.118,8.838
2018-12-25 00:00:00,6.156,10.417,9.001,8.812
2018-12-26 00:00:00,6.24,10.286,8.976,8.865
2018-12-27 00:00:00,6.246,10.178,9.018,9.214
2018-12-28 00:00:00,6.118,10.424,9.204,9.164
2018-12-29 00:00:00,6.205,10.349,9.197,9.385
2018-12-30 00:00:00,6.143,10.446,9.156,9.452
2018-12-31 00:00:00,6.249,10.326,9.175,9.53
2019-01-01 00:00:00,6.32,10.389,9.155,9.409
2019-01-02 00:00:00,6.305,10.251,9.074,9.304
2019-01-03 00:00:00,6.2,10.125,9.077,9.331
2019-01-04 00:00:00,6.202,10.091,9.061,9.392
2019-01-05 00:00:00,6.233,10.002,9.058,9.384
2019-01-06 00:00:00,6.174,9.957,9.079,9.315
2019-01-07 00:00:00,6.156,9.954,9.066,9.254
2019-01-08 00:00:00,6.136,10.075,9.339,9.243
2019-01-09 00:00:00,6.317,9.967,9.376,9.23
2019-01-10 00:00:00,6.285,10.093,9.478,9.058
2019-01-11 00:00:00,6.312,10.542,9.502,9.29
2019-01-12 00:00:00,6.339,10.476,9.436,9.245
2019-01-13 00:00:00,6.349,10.408,9.53,9.17
2019-01-14 00:00:00,6.391,10.36,9.493,9.171
2019-01-15 00:00:00,6.554,10.36,9.643,9.121
2019-01-16 00:00:00,6.514,10.305,9.608,9.053
2019-01-17 00:00:00,6.392,10.322,9.628,9.102
2019-01-18 00:00:00,6.598,10.546,9.6,9.137
2019-01-19 00:00:00,6.549,10.521,10.204,9.047
2019-01-20 00:00:00,6.6,10.462,10.163,9.067
2019-01-21 00:00:00,6.645,10.274,10.093,9.127
2019-01-22 00:00:00,6.653,10.371,10.176,9.159
2019-01-23 00:00:00,6.594,10.513,10.108,9.132
2019-01-24 00:00:00,6.597,10.495,10.117,9.146
2019-01-25 00:00:00,6.97,10.422,10.162,9.118
2019-01-26 00:00:00,6.889,10.351,10.17,9.439
2019-01-27 00:00:00,6.806,10.528,10.132,9.589
2019-01-28 00:00:00,6.836,10.426,10.234,9.712
2019-01-29 00:00:00,6.84,10.475,10.286,9.668
2019-01-30 00:00:00,6.798,10.431,10.502,9.706
2019-01-31 00:00:00,6.746,10.377,10.475,9.663
2019-02-01 00:00:00,6.918,10.339,10.472,9.635
2019-02-02 00:00:00,6.872,10.392,10.534,9.575
2019-02-03 00:00:00,6.889,10.263,10.569,9.476
2019-02-04 00:00:00,6.937,10.183,10.529,9.421
2019-02-05 00:00:00,6.931,10.251,10.481,9.444
2019-02-06 00:00:00,7.022,10.287,10.608,9.526
2019-02-07 00:00:00,7.029,10.254,10.651,9.676
2019-02-08 00:00:00,7.05,10.238,10.634,9.655
2019-02-09 00:00:00,7.501,10.431,10.627,9.635
2019-02-10 00:00:00,7.364,10.408,10.559,9.611
2019-02-11 00:00:00,7.405,10.463,10.558,9.566
2019-02-12 00:00:00,7.405,10.429,10.431,9.926
2019-02-13 00:00:00,7.388,10.42,10.622,9.911
2019-02-14 00:00:00,7.347,10.38,10.605,9.832
2019-02-15 00:00:00,7.372,10.439,10.579,9.855
2019-02-16 00:00:00,7.29,10.461,10.806,9.9
2019-02-17 00:00:00,7.374,10.339,10.698,10.35
2019-02-18 00:00:00,7.438,10.336,10.893,10.264
2019-02-19 00:00:00,7.494,10.273,10.81,10.295
2019-02-20 00:00:00,7.538,10.267,10.736,10.219
2019-02-21 00:00:00,7.881,10.264,10.754,10.173
2019-02-22 00:00:00,7.874,10.474,10.758,10.127
2019-02-23 00:00:00,7.893,10.396,10.704,10.067
2019-02-24 00:00:00,7.819,10.499,10.746,10.011
2019-02-25 00:00:00,7.758,10.684,10.802,10.212
2019-02-26 00:00:00,7.836,10.66,10.756,10.111
2019-02-27 00:00:00,7.745,10.628,10.816,10.093
2019-02-28 00:00:00,7.802,10.585,10.785,10.221
2019-03-01 00:00:00,7.849,10.821,10.798,10.267
2019-03-02 00:00:00,7.872,10.763,10.825,10.248
2019-03-03 00:00:00,7.868,10.722,10.883,10.202
2019-03-04 00:00:00,7.979,10.69,10.921,10.232
2019-03-05 00:00:00,7.99,10.726,11.079,10.21
2019-03-06 00:00:00,7.948,10.731,11.107,10.113
2019-03-07 00:00:00,7.903,10.74,11.039,10.088
2019-03-08 00:00:00,7.935,10.739,11.158,10.139
2019-03-09 00:00:00,8.027,10.663,11.255,10.112
2019-03-10 00:00:00,8.09,10.486,11.311,10.162
2019-03-11 00:00:00,8.13,10.511,11.247,10.158
2019-03-12 00:00:00,8.095,10.708,11.216,10.125
2019-03-13 00:00:00,8.041,11.018,11.159,10.212
2019-03-14 00:00:00,8.146,11.023,11.154,10.174
2019-03-15 00:00:00,8.055,10.93,11.16,10.412
2019-03-16 00:00:00,8.023,10.916,11.171,10.467
2019-03-17 00:00:00,8.172,10.943,11.326,10.384
2019-03-18 00:00:00,8.081,11.247,11.313,10.652
2019-03-19 00:00:00,8.113,11.37,11.686,10.66
2019-03-20 00:00:00,8.118,11.365,11.584,10.614
2019-03-21 00:00:00,8.133,11.288,11.541,10.665
2019-03-22 00:00:00,8.135,11.22,11.689,10.577
2019-03-23 00:00:00,8.102,11.215,11.744,10.915
2019-03-24 00:00:00,8.093,11.216,11.706,10.887
2019-03-25 00:00:00,8.594,11.137,11.716,10.865
2019-03-26 00:00:00,8.529,11.106,11.747,10.822
2019-03-27 00:00:00,8.494,11.122,11.727,10.758
2019-03-28 00:00:00,8.465,11.134,11.637,10.727
2019-03-29 00:00:00,8.423,11.115,12.016,10.795
2019-03-30 00:00:00,8.39,11.211,12.075,10.785
2019-03-31 00:00:00,8.37,11.085,12.049,10.952
2019-04-01 00:00:00,8.381,11.177,12.069,11.029
2019-04-02 00:00:00,8.35,11.133,12.059,10.902
2019-04-03 00:00:00,8.279,11.073,12.016,10.945
2019-04-04 00:00:00,8.279,11.169,11.934,10.881
2019-04-05 00:00:00,8.297,11.181,11.867,10.909
2019-04-06 00:00:00,8.265,11.064,11.795,10.834
2019-04-07 00:00:00,8.356,11.016,11.733,10.85
2019-04-08 00:00:00,8.347,11.071,11.679,10.925
2019-04-09 00:00:00,8.34,11.016,11.712,10.973
2019-04-10 00:00:00,8.199,10.871,11.611,11.123
2019-04-11 00:00:00,8.273,10.844,11.586,11.082
2019-04-12 00:00:00,8.248,10.785,11.577,11.228
2019-04-13 00:00:00,8.134,11.104,11.529,11.166
2019-04-14 00:00:00,8.314,11.12,11.528,11.017
2019-04-15 00:00:00,8.554,11.056,11.447,10.924
2019-04-16 00:00:00,8.5,11.247,11.448,10.87
2019-04-17 00:00:00,8.683,11.23,11.784,10.675
2019-04-18 00:00:00,8.682,11.236,11.714,10.663
2019-04-19 00:00:00,8.865,11.156,11.619,10.651
2019-04-20 00:00:00,8.786,11.114,11.497,10.536
2019-04-21 00:00:00,8.683,11.163,11.466,10.546
2019-04-22 00:00:00,8.628,11.08,11.551,10.497
2019-04-23 00:00:00,8.465,11.011,11.54,10.482
2019-04-24 00:00:00,8.377,10.943,11.472,10.412
2019-04-25 00:00:00,8.509,10.899,11.771,10.453
2019-04-26 00:00:00,8.435,10.853,11.686,10.47
2019-04-27 00:00:00,8.418,11.258,11.638,10.398
2019-04-28 00:00:00,8.388,11.188,11.651,10.375
2019-04-29 00:00:00,8.401,11.073,11.76,10.348
2019-04-30 00:00:00,8.433,11.041,11.693,10.491
2019-05-01 00:00:00,8.523,11.705,12.123,10.483
2019-05-02 00:00:00,8.469,11.657,12.014,10.475
2019-05-03 00:00:00,8.382,11.66,11.934,10.684
2019-05-04 00:00:00,8.324,11.645,11.876,10.893
2019-05-05 00:00:00,8.29,11.459,11.829,10.848
2019-05-06 00:00:00,8.634,11.469,11.73,10.792
2019-05-07 00:00:00,8.536,11.367,11.612,10.781
2019-05-08 00:00:00,8.432,11.348,11.6,10.745
2019-05-09 00:00:00,8.34,11.233,11.528,10.762
2019-05-10 00:00:00,8.291,11.189,11.501,10.828
2019-05-11 00:00:00,8.256,11.15,11.499,10.679
2019-05-12 00:00:00,8.25,11.046,11.753,10.563
2019-05-13 00:00:00,8.173,11.002,11.703,10.518
2019-05-14 00:00:00,8.371,10.983,11.592,10.818
2019-05-15 00:00:00,8.265,11.176,12.044,10.753
2019-05-16 00:00:00,8.241,11.11,11.968,10.703
2019-05-17 00:00:00,8.134,11.126,11.835,10.627
2019-05-18 00:00:00,8.016,11.336,11.79,10.585
2019-05-19 00:00:00,7.919,11.296,11.755,10.517
2019-05-20 00:00:00,7.943,11.356,11.663,10.477
2019-05-21 00:00:00,7.911,11.287,11.626,10.709
2019-05-22 00:00:00,7.854,11.262,11.579,10.638
2019-05-23 00:00:00,7.799,11.218,11.504,10.481
2019-05-24 00:00:00,7.765,11.348,11.494,10.461
2019-05-25 00:00:00,7.72,11.307,11.275,10.33
2019-05-26 00:00:00,7.673,11.262,11.175,10.542
2019-05-27 00:00:00,7.605,11.119,11.234,10.459
2019-05-28 00:00:00,7.615,11.033,11.171,10.37
2019-05-29 00:00:00,7.522,11.306,11.045,10.279
2019-05-30 00:00:00,7.536,11.241,11.013,10.322
2019-05-31 00:00:00,7.577,11.191,10.932,10.23
2019-06-01 00:00:00,7.537,11.15,11.379,10.232
2019-06-02 00:00:00,7.466,11.146,11.321,10.128
2019-06-03 00:00:00,7.443,11.194,11.194,10.266
2019-06-04 00:00:00,7.353,11.114,11.121,10.272
2019-06-05 00:00:00,7.284,11.052,11.082,10.211
2019-06-06 00:00:00,7.294,10.994,11.056,10.239
2019-06-07 00:00:00,7.199,10.916,10.995,10.227
2019-06-08 00:00:00,7.162,10.821,11.068,10.186
2019-06-09 00:00:00,7.187,10.808,11.459,10.195
2019-06-10 00:00:00,7.165,10.642,11.301,10.126
2019-06-11 00:00:00,7.171,10.513,11.217,10.095
2019-06-12 00:00:00,7.286,10.428,11.119,10.025
2019-06-13 00:00:00,7.335,10.551,11.059,9.966
2019-06-14 00:00:00,7.296,10.475,10.986,9.932
2019-06-15 00:00:00,7.226,10.51,10.916,9.955
2019-06-16 00:00:00,7.362,10.634,10.806,10.181
2019-06-17 00:00:00,7.431,10.563,10.704,10.082
2019-06-18 00:00:00,7.429,10.476,10.92,10.498
2019-06-19 00:00:00,7.345,10.487,10.845,10.357
2019-06-20 00:00:00,7.291,10.518,10.947,10.243
2019-06-21 00:00:00,7.262,10.374,10.849,10.181
2019-06-22 00:00:00,7.089,10.303,10.79,10.15
2019-06-23 00:00:00,7.021,10.414,10.672,10.333
2019-06-24 00:00:00,6.984,10.359,10.574,10.335
2019-06-25 00:00:00,6.973,10.305,10.534,10.308
2019-06-26 00:00:00,6.906,10.665,10.567,10.157
2019-06-27 00:00:00,7.053,10.5,10.49,10.154
2019-06-28 00:00:00,7.025,10.443,10.43,10.131
2019-06-29 00:00:00,6.95,10.403,10.448,10.03
2019-06-30 00:00:00,6.882,10.322,10.503,9.963
2019-07-01 00:00:00,6.873,10.197,10.515,9.847
2019-07-02 00:00:00,6.855,10.193,10.49,9.848
2019-07-03 00:00:00,6.748,10.106,10.458,9.759
2019-07-04 00:00:00,6.678,10.01,10.301,9.66
2019-07-05 00:00:00,6.667,9.989,10.243,9.653
2019-07-06 00:00:00,6.622,9.969,10.161,9.636
2019-07-07 00:00:00,6.61,9.913,10.079,9.605
2019-07-08 00:00:00,6.553,9.856,10.274,9.707
2019-07-09 00:00:00,6.484,10.276,10.245,9.645
2019-07-10 00:00:00,6.448,10.311,10.143,9.542
2019-07-11 00:00:00,6.414,10.214,10.503,9.665
2019-07-12 00:00:00,6.337,10.191,10.418,9.703
2019-07-13 00:00:00,6.312,10.192,10.322,9.64
2019-07-14 00:00:00,6.375,10.011,10.197,9.791
2019-07-15 00:00:00,6.351,9.962,10.166,9.745
2019-07-16 00:00:00,6.375,9.835,10.018,9.677
2019-07-17 00:00:00,6.366,10.021,9.899,9.807
2019-07-18 00:00:00,6.388,9.91,9.808,9.813
2019-07-19 00:00:00,6.312,9.942,9.781,9.718
2019-07-20 00:00:00,6.221,9.763,9.692,9.591
2019-07-21 00:00:00,6.119,9.702,9.7,9.547
2019-07-22 00:00:00,6.106,9.664,9.813,9.404
2019-07-23 00:00:00,6.015,9.592,9.704,9.38
2019-07-24 00:00:00,6.052,9.582,9.688,9.157
2019-07-25 00:00:00,6.386,9.446,9.63,9.21
2019-07-26 00:00:00,6.51,9.644,9.591,9.105
2019-07-27 00:00:00,6.469,9.757,9.625,9.045
2019-07-28 00:00:00,6.455,9.667,9.916,8.996
2019-07-29 00:00:00,6.301,9.656,9.986,9.06
2019-07-30 00:00:00,6.237,9.642,9.829,9.056
2019-07-31 00:00:00,6.26,9.583,9.757,9.038
2019-08-01 00:00:00,6.33,9.519,9.749,9.122
2019-08-02 00:00:00,6.423,9.463,9.739,9.009
2019-08-03 00:00:00,6.382,9.351,9.642,9.014
2019-08-04 00:00:00,6.307,9.39,9.536,8.974
2019-08-05 00:00:00,6.291,9.304,9.467,9.002
2019-08-06 00:00:00,6.222,9.377,9.356,9.257
2019-08-07 00:00:00,6.146,9.244,9.303,9.135
2019-08-08 00:00:00,6.267,9.247,9.194,9.084
2019-08-09 00:00:00,6.179,9.548,9.179,8.997
2019-08-10 00:00:00,6.064,9.477,9.12,8.816
2019-08-11 00:00:00,5.939,9.342,9.306,8.734
2019-08-12 00:00:00,5.817,9.28,9.22,9.176
2019-08-13 00:00:00,5.755,9.181,9.141,9.177
2019-08-14 00:00:00,5.676,9.423,9.092,9.142
2019-08-15 00:00:00,5.668,9.353,9.104,9.028
2019-08-16 00:00:00,5.914,9.265,9.054,9.129
2019-08-17 00:00:00,5.864,9.192,9.012,9.044
2019-08-18 00:00:00,5.791,9.149,9.02,8.952
2019-08-19 00:00:00,5.825,9.113,9.007,8.922
2019-08-20 00:00:00,5.768,9.232,8.886,8.819
2019-08-21 00:00:00,5.751,9.188,8.863,8.719
2019-08-22 00:00:00,5.7,9.082,8.915,8.599
2019-08-23 00:00:00,5.969,8.955,8.87,8.571
2019-08-24 00:00:00,5.964,9.021,8.886,8.883
2019-08-25 00:00:00,6.035,8.956,9.074,8.77
2019-08-26 00:00:00,5.92,9.269,8.906,8.614
2019-08-27 00:00:00,5.856,9.217,8.845,8.588
2019-08-28 00:00:00,5.753,9.006,8.74,8.46
2019-08-29 00:00:00,5.743,8.994,8.633,8.512
2019-08-30 00:00:00,5.654,8.968,8.948,8.356
2019-08-31 00:00:00,5.679,8.949,8.92,8.366
2019-09-01 00:00:00,5.588,8.865,8.882,8.261
2019-09-02 00:00:00,5.655,8.874,8.87,8.117
2019-09-03 00:00:00,5.627,8.743,8.726,8.028
2019-09-04 00:00:00,5.567,8.698,8.607,8.131
2019-09-05 00:00:00,5.511,8.632,8.607,8.186
2019-09-06 00:00:00,5.377,8.521,8.522,8.09
2019-09-07 00:00:00,5.25,8.44,8.493,8.241
2019-09-08 00:00:00,5.202,8.448,8.435,8.182
2019-09-09 00:00:00,5.196,8.747,8.384,8.133
2019-09-10 00:00:00,5.143,8.648,8.739,8.099
2019-09-11 00:00:00,5.329,9.098,8.684,8.109
2019-09-12 00:00:00,5.29,9.073,8.596,8.077
2019-09-13 00:00:00,5.185,9.051,8.604,7.938
2019-09-14 00:00:00,5.06,8.863,8.593,7.994
2019-09-15 00:00:00,5.16,8.929,8.701,8.067
2019-09-16 00:00:00,5.019,8.757,8.675,8.146
2019-09-17 00:00:00,5.06,8.771,8.701,8.052
2019-09-18 00:00:00,5.018,8.773,8.566,8.013
2019-09-19 00:00:00,5.015,8.696,8.508,7.968
2019-09-20 00:00:00,5.008,8.61,8.349,7.882
2019-09-21 00:00:00,5.195,8.566,8.364,7.799
2019-09-22 00:00:00,5.216,8.506,8.364,7.817
2019-09-23 00:00:00,5.228,8.418,8.271,7.73
2019-09-24 00:00:00,5.37,8.398,8.197,7.752
2019-09-25 00:00:00,5.343,8.503,8.134,7.777
2019-09-26 00:00:00,5.478,8.515,8.038,7.712
2019-09-27 00:00:00,5.388,8.47,8.09,7.68
2019-09-28 00:00:00,5.614,8.76,8.118,8.098
2019-09-29 00:00:00,5.592,8.772,8.055,7.995
2019-09-30 00:00:00,5.424,8.694,8.035,7.863
2019-10-01 00:00:00,5.371,8.586,8.225,7.928
2019-10-02 00:00:00,5.346,9.065,8.201,8.436
2019-10-03 00:00:00,5.279,9.046,8.154,8.376
2019-10-04 00:00:00,5.167,9.033,8.146,8.461
2019-10-05 00:00:00,5.206,8.885,8.288,8.552
2019-10-06 00:00:00,5.272,9.066,8.256,8.451
2019-10-07 00:00:00,5.366,9.264,8.156,8.34
2019-10-08 00:00:00,5.429,9.158,8.096,8.268
2019-10-09 00:00:00,5.499,9.062,8.034,8.248
2019-10-10 00:00:00,5.504,8.936,8.068,8.555
2019-10-11 00:00:00,5.767,8.841,8.152,8.51
2019-10-12 00:00:00,6.059,8.662,8.114,8.394
2019-10-13 00:00:00,5.998,8.559,8.099,8.352
2019-10-14 00:00:00,6.078,8.532,8.185,8.337
2019-10-15 00:00:00,6.217,8.477,8.154,8.404
2019-10-16 00:00:00,6.123,8.463,8.11,8.385
2019-10-17 00:00:00,6.098,8.738,8.076,8.337
2019-10-18 00:00:00,6.12,8.688,8.076,8.402
2019-10-19 00:00:00,6.028,8.63,8.103,8.348
2019-10-20 00:00:00,6.282,8.612,8.39,8.303
2019-10-21 00:00:00,6.167,8.69,8.409,8.189
2019-10-22 00:00:00,6.059,8.654,8.306,8.112
2019-10-23 00:00:00,5.922,8.527,8.163,7.996
2019-10-24 00:00:00,5.944,8.448,8.107,7.914
2019-10-25 00:00:00,5.906,8.417,8.108,7.904
2019-10-26 00:00:00,5.884,8.35,8.054,7.817
2019-10-27 00:00:00,5.852,8.754,8.047,7.799
2019-10-28 00:00:00,5.786,8.653,8.258,7.912
2019-10-29 00:00:00,5.65,8.656,8.245,7.814
2019-10-30 00:00:00,5.623,8.596,8.257,7.792
2019-10-31 00:00:00,5.518,8.567,8.239,7.733
2019-11-01 00:00:00,5.487,8.537,8.172,7.685
2019-11-02 00:00:00,5.472,8.714,8.145,7.744
2019-11-03 00:00:00,5.371,8.655,8.099,7.801
2019-11-04 00:00:00,5.321,8.584,8.057,7.827
2019-11-05 00:00:00,5.322,8.831,8.069,7.759
2019-11-06 00:00:00,5.364,8.742,8.104,7.679
2019-11-07 00:00:00,5.394,8.73,8.094,7.593
2019-11-08 00:00:00,5.395,8.718,8.092,7.541
2019-11-09 00:00:00,5.334,8.705,8.001,7.559
2019-11-10 00:00:00,5.249,8.686,8.004,7.55
2019-11-11 00:00:00,5.261,8.741,8.002,7.719
2019-11-12 00:00:00,5.18,8.667,7.998,7.87
2019-11-13 00:00:00,5.135,8.633,8.01,7.792
2019-11-14 00:00:00,5.137,8.673,8.064,7.784
2019-11-15 00:00:00,5.36,8.59,8.0,7.705
2019-11-16 00:00:00,5.326,8.511,7.988,7.621
2019-11-17 00:00:00,5.29,8.818,7.983,7.523
2019-11-18 00:00:00,5.279,9.088,8.089,7.652
2019-11-19 00:00:00,5.25,8.997,8.404,7.605
2019-11-20 00:00:00,5.26,8.904,8.351,7.558
2019-11-21 00:00:00,5.295,9.021,8.419,7.791
2019-11-22 00:00:00,5.314,8.883,8.464,7.711
2019-11-23 00:00:00,5.276,9.192,8.372,7.676
2019-11-24 00:00:00,5.261,9.469,8.368,7.847
2019-11-25 00:00:00,5.491,9.397,8.433,7.841
2019-11-26 00:00:00,5.499,9.316,8.36,7.793
2019-11-27 00:00:00,5.668,9.254,8.34,7.775
2019-11-28 00:00:00,5.636,9.268,8.271,7.818
2019-11-29 00:00:00,5.634,9.31,8.258,7.856
2019-11-30 00:00:00,5.71,9.181,8.393,7.89
2019-12-01 00:00:00,5.709,9.707,8.307,7.818
2019-12-02 00:00:00,5.634,9.562,8.552,7.805
2019-12-03 00:00:00,5.657,9.48,8.544,7.751
2019-12-04 00:00:00,5.724,9.409,8.499,7.606
2019-12-05 00:00:00,5.621,9.384,8.483,7.56
2019-12-06 00:00:00,5.577,9.614,8.406,7.575
2019-12-07 00:00:00,5.879,9.719,8.38,7.521
2019-12-08 00:00:00,5.859,9.698,8.348,7.518
2019-12-09 00:00:00,5.86,9.768,8.398,7.533
2019-12-10 00:00:00,6.237,9.685,8.467,7.497
2019-12-11 00:00:00,6.21,9.63,8.366,7.532
2019-12-12 00:00:00,6.132,9.484,8.351,7.529
2019-12-13 00:00:00,6.182,9.507,8.339,7.517
2019-12-14 00:00:00,6.143,9.814,8.416,7.64
2019-12-15 00:00:00,6.161,9.762,8.887,7.599
2019-12-16 00:00:00,6.204,9.729,8.83,7.711
2019-12-17 00:00:00,6.185,9.645,8.872,7.701
2019-12-18 00:00:00,6.529,9.596,8.813,8.036
2019-12-19 00:00:00,6.529,9.573,8.77,8.073
2019-12-20 00:00:00,6.501,9.521,8.716,8.012
2019-12-21 00:00:00,6.498,9.393,8.761,8.05
2019-12-22 00:00:00,6.45,9.472,8.765,8.102
2019-12-23 00:00:00,6.343,9.451,8.736,8.086
2019-12-24 00:00:00,6.286,9.471,8.865,8.099
2019-12-25 00:00:00,6.282,9.387,8.827,8.085
2019-12-26 00:00:00,6.234,9.407,8.799,8.025
2019-12-27 00:00:00,6.2,9.396,8.737,8.113
2019-12-28 00:00:00,6.118,9.428,8.789,8.321
2019-12-29 00:00:00,6.178,9.497,8.974,8.377
2019-12-30 00:00:00,6.195,9.674,9.017,8.326
2019-12-31 00:00:00,6.28,9.655,9.074,8.407
