chainage_km,x_twd97,y_twd97
0.0,211007.5,2668048.4
0.25,210985.1,2667799.4
0.5,210962.8,2667550.4
0.75,210940.1,2667301.4
1.0,210917.2,2667052.5
1.25,210894.2,2666803.6
1.5,210871.4,2666554.6
1.75,210848.7,2666305.6
2.0,210826.0,2666056.7
2.25,210803.4,2665807.7
2.5,210782.1,2665558.6
2.75,210760.5,2665309.5
3.0,210738.3,2665060.5
3.25,210715.4,2664811.6
3.5,210690.7,2664562.8
3.75,210665.7,2664314.1
4.0,210636.2,2664065.8
4.25,210605.1,2663817.8
4.5,210560.4,2663571.8
4.75,210505.0,2663328.0
5.0,210441.4,2663086.3
5.25,210368.4,2662847.2
5.5,210290.5,2662609.6
5.75,210216.6,2662370.8
6.0,210144.2,2662131.5
6.25,210075.8,2661891.1
6.5,210011.5,2661649.5
6.75,209951.3,2661406.9
7.0,209898.6,2661162.6
7.25,209852.1,2660916.9
7.5,209811.4,2660670.3
7.75,209822.5,2660421.3
8.0,209841.4,2660172.1
8.25,209860.4,2659922.8
8.5,209879.4,2659673.5
8.75,209898.3,2659424.2
9.0,209917.3,2659174.9
9.25,209936.3,2658925.7
9.5,209955.2,2658676.4
9.75,209974.2,2658427.1
10.0,209993.2,2658177.8
10.25,210012.1,2657928.5
10.5,210033.5,2657679.5
10.75,210055.4,2657430.4
11.0,210077.3,2657181.4
11.25,210099.2,2656932.3
11.5,210121.1,2656683.3
11.75,210143.0,2656434.3
12.0,210164.9,2656185.2
12.25,210186.8,2655936.2
12.5,210208.7,2655687.1
12.75,210230.6,2655438.1
13.0,210252.5,2655189.1
13.25,210275.1,2654940.1
13.5,210298.3,2654691.2
13.75,210321.5,2654442.2
14.0,210344.7,2654193.3
14.25,210367.9,2653944.4
14.5,210391.1,2653695.5
14.75,210414.3,2653446.6
15.0,210437.5,2653197.6
15.25,210460.7,2652948.7
15.5,210483.9,2652699.8
15.75,210507.1,2652450.9
16.0,210530.3,2652202.0
16.25,210553.1,2651953.0
16.5,210575.1,2651704.0
16.75,210597.0,2651454.9
17.0,210617.6,2651205.8
17.25,210637.1,2650956.5
17.5,210656.3,2650707.3
17.75,210674.6,2650457.9
18.0,210693.2,2650208.6
18.25,210711.6,2649959.3
18.5,210729.2,2649709.9
18.75,210746.3,2649460.5
19.0,210762.9,2649211.1
19.25,210780.3,2648961.7
19.5,210798.5,2648712.4
19.75,210816.8,2648463.0
20.0,210834.1,2648213.6
20.25,210849.3,2647964.1
20.5,210860.8,2647714.4
20.75,210864.2,2647464.4
21.0,210859.8,2647214.5
21.25,210844.5,2646965.0
21.5,210819.9,2646716.3
21.75,210785.9,2646468.7
22.0,210744.8,2646222.1
22.25,210691.4,2645977.8
22.5,210628.8,2645735.9
22.75,210559.3,2645495.8
23.0,210481.4,2645258.2
23.25,210394.8,2645023.7
23.5,210298.8,2644793.0
23.75,210192.8,2644566.7
24.0,210079.6,2644343.8
24.25,209959.0,2644124.8
24.5,209825.2,2643913.7
24.75,209687.0,2643705.4
25.0,209542.7,2643501.2
25.25,209391.0,2643302.6
25.5,209232.4,2643109.5
25.75,209064.8,2642924.0
26.0,208891.0,2642744.4
26.25,208709.6,2642572.3
26.5,208522.8,2642406.4
26.75,208329.0,2642248.5
27.0,208128.8,2642098.8
27.25,207926.6,2641951.9
27.5,207722.1,2641808.0
27.75,207515.1,2641667.9
28.0,207307.4,2641528.8
28.25,207097.7,2641392.6
28.5,206888.1,2641256.4
28.75,206681.6,2641115.5
29.0,206474.0,2640976.2
29.25,206268.4,2640834.0
29.5,206058.4,2640698.4
29.75,205849.0,2640561.7
30.0,205640.0,2640424.6
30.25,205428.7,2640291.0
30.5,205217.1,2640157.8
30.75,205002.9,2640028.9
31.0,204787.0,2639902.8
31.25,204569.7,2639779.3
31.5,204348.0,2639663.7
31.75,204123.4,2639554.0
32.0,203897.9,2639446.0
32.25,203671.6,2639339.9
32.5,203445.2,2639233.8
32.75,203218.1,2639129.4
33.0,202990.6,2639025.7
33.25,202762.5,2638923.4
33.5,202532.8,2638824.6
33.75,202301.3,2638730.4
34.0,202067.4,2638642.3
34.25,201830.9,2638561.3
34.5,201592.9,2638484.9
34.75,201353.3,2638413.4
35.0,201112.1,2638347.8
35.25,200869.7,2638287.0
35.5,200627.2,2638226.1
35.75,200383.6,2638169.7
36.0,200139.9,2638113.9
36.25,199896.3,2638058.1
36.5,199652.6,2638002.2
36.75,199408.9,2637946.4
37.0,199164.8,2637892.2
37.25,198920.7,2637838.1
37.5,198676.7,2637784.1
37.75,198432.6,2637730.0
38.0,198188.5,2637676.0
38.25,197944.4,2637621.8
38.5,197700.4,2637567.6
38.75,197456.3,2637513.3
39.0,197212.3,2637459.1
39.25,196969.0,2637401.5
39.5,196726.6,2637340.4
39.75,196486.0,2637272.9
40.0,196247.5,2637198.0
40.25,196012.5,2637112.8
40.5,195780.7,2637019.3
40.75,195553.3,2636915.7
41.0,195330.9,2636801.6
41.25,195115.0,2636675.6
41.5,194902.8,2636543.5
41.75,194695.6,2636403.7
42.0,194494.3,2636255.6
42.25,194296.3,2636103.0
42.5,194109.0,2635937.4
42.75,193926.8,2635766.5
43.0,193751.3,2635588.5
43.25,193584.0,2635402.8
43.5,193421.2,2635213.2
43.75,193267.4,2635016.0
44.0,193121.8,2634812.9
44.25,192984.2,2634604.3
44.5,192855.2,2634390.2
44.75,192735.9,2634170.5
45.0,192624.3,2633946.9
45.25,192524.7,2633717.6
45.5,192433.2,2633484.9
45.75,192349.9,2633249.3
46.0,192276.2,2633010.5
46.25,192212.5,2632768.8
46.5,192156.8,2632525.1
46.75,192107.1,2632280.1
47.0,192058.3,2632034.9
47.25,192010.7,2631789.5
47.5,191963.1,2631544.0
47.75,191915.9,2631298.5
48.0,191868.6,2631053.0
48.25,191821.4,2630807.5
48.5,191774.1,2630562.0
48.75,191726.9,2630316.6
49.0,191679.6,2630071.1
49.25,191632.3,2629825.6
49.5,191585.0,2629580.1
49.75,191537.9,2629334.6
50.0,191490.8,2629089.0
50.25,191436.8,2628844.9
50.5,191379.2,2628601.8
50.75,191309.4,2628361.7
51.0,191234.7,2628123.2
51.25,191156.4,2627885.8
51.5,191078.1,2627648.3
51.75,190995.2,2627412.5
52.0,190911.8,2627176.8
52.25,190827.6,2626941.4
52.5,190742.3,2626706.4
52.75,190657.2,2626471.3
53.0,190572.4,2626236.2
53.25,190488.1,2626000.8
53.5,190405.1,2625765.0
53.75,190322.0,2625529.2
54.0,190238.7,2625293.5
54.25,190154.9,2625057.9
54.5,190070.5,2624822.6
54.75,189985.5,2624587.5
55.0,189897.0,2624353.7
55.25,189803.9,2624121.7
55.5,189702.4,2623893.4
55.75,189592.0,2623669.1
56.0,189473.1,2623449.2
56.25,189346.8,2623233.5
56.5,189214.0,2623021.8
56.75,189073.0,2622815.3
57.0,188929.4,2622610.7
57.25,188785.0,2622406.6
57.5,188640.3,2622202.7
57.75,188495.6,2621998.9
58.0,188350.7,2621795.2
58.25,188205.6,2621591.6
58.5,188060.6,2621387.9
58.75,187915.9,2621184.1
59.0,187771.2,2620980.2
59.25,187626.5,2620776.3
59.5,187482.0,2620572.3
59.75,187337.3,2620368.4
60.0,187192.7,2620164.5
60.25,187048.0,2619960.6
60.5,186903.4,2619756.7
60.75,186758.8,2619552.8
61.0,186614.1,2619348.9
61.25,186469.4,2619145.0
61.5,186324.8,2618941.1
61.75,186180.1,2618737.2
62.0,186035.5,2618533.3
62.25,185890.8,2618329.4
62.5,185746.1,2618125.6
62.75,185601.3,2617921.7
63.0,185456.5,2617717.9
63.25,185311.8,2617514.1
63.5,185167.0,2617310.3
63.75,185022.3,2617106.4
64.0,184877.7,2616902.4
64.25,184733.1,2616698.5
64.5,184588.2,2616494.8
64.75,184443.3,2616291.1
65.0,184298.4,2616087.4
65.25,184153.6,2615883.6
65.5,184008.7,2615679.8
65.75,183864.2,2615475.8
66.0,183720.4,2615271.3
66.25,183576.7,2615066.8
66.5,183436.7,2614859.6
66.75,183297.0,2614652.3
67.0,183168.7,2614437.8
67.25,183044.0,2614221.2
67.5,182926.7,2614000.4
67.75,182814.4,2613777.1
68.0,182706.2,2613551.8
68.25,182609.8,2613321.1
68.5,182520.3,2613087.7
68.75,182436.1,2612852.3
69.0,182357.1,2612615.1
69.25,182287.0,2612375.2
69.5,182224.2,2612133.2
69.75,182169.2,2611889.3
70.0,182122.1,2611643.9
70.25,182083.1,2611397.0
70.5,182050.9,2611149.1
70.75,182024.3,2610900.5
71.0,182004.9,2610651.3
71.25,181986.6,2610401.9
71.5,181971.0,2610152.4
71.75,181955.5,2609902.9
72.0,181940.3,2609653.4
72.25,181925.1,2609403.8
72.5,181910.1,2609154.3
72.75,181895.3,2608904.7
73.0,181880.3,2608655.2
73.25,181865.0,2608405.6
73.5,181849.4,2608156.1
73.75,181831.8,2607906.8
74.0,181811.1,2607657.6
74.25,181785.9,2607408.9
74.5,181755.5,2607160.8
74.75,181724.6,2606912.7
75.0,181690.0,2606665.1
75.25,181655.2,2606417.5
75.5,181620.1,2606170.0
75.75,181585.1,2605922.5
76.0,181550.3,2605674.9
76.25,181515.6,2605427.3
76.5,181481.3,2605179.7
76.75,181448.0,2604931.9
77.0,181415.7,2604684.0
77.25,181387.2,2604435.7
77.5,181367.1,2604186.5
77.75,181353.5,2603936.9
78.0,181339.8,2603687.3
78.25,181326.1,2603437.7
78.5,181312.5,2603188.0
78.75,181298.8,2602938.4
79.0,181285.2,2602688.8
79.25,181272.4,2602439.1
79.5,181259.7,2602189.4
79.75,181247.1,2601939.8
80.0,181234.4,2601690.1
80.25,181221.8,2601440.4
80.5,181209.2,2601190.7
80.75,181196.5,2600941.0
81.0,181183.9,2600691.4
81.25,181171.2,2600441.7
81.5,181158.6,2600192.0
81.75,181145.9,2599942.3
82.0,181133.3,2599692.6
82.25,181120.6,2599443.0
82.5,181108.0,2599193.3
82.75,181095.3,2598943.6
83.0,181082.6,2598693.9
83.25,181070.0,2598444.2
83.5,181057.3,2598194.6
83.75,181044.7,2597944.9
84.0,181032.0,2597695.2
84.25,181019.3,2597445.5
84.5,181007.1,2597195.8
84.75,180994.8,2596946.1
85.0,180982.5,2596696.4
85.25,180970.2,2596446.7
85.5,180958.0,2596197.0
85.75,180944.1,2595947.4
86.0,180932.0,2595697.7
86.25,180919.9,2595448.0
86.5,180908.7,2595198.3
86.75,180897.8,2594948.5
87.0,180885.7,2594698.8
87.25,180872.8,2594449.1
87.5,180860.1,2594199.4
87.75,180847.9,2593949.7
88.0,180835.7,2593700.0
88.25,180823.5,2593450.3
88.5,180811.3,2593200.6
88.75,180798.8,2592950.9
89.0,180786.2,2592701.3
89.25,180773.5,2592451.6
89.5,180760.9,2592201.9
89.75,180748.3,2591952.2
90.0,180735.7,2591702.5
90.25,180723.1,2591452.9
90.5,180710.5,2591203.2
90.75,180697.9,2590953.5
91.0,180685.3,2590703.8
91.25,180672.7,2590454.1
91.5,180660.1,2590204.4
91.75,180647.1,2589954.8
92.0,180633.9,2589705.1
92.25,180620.6,2589455.5
